<?xml version='1.0' encoding='UTF-8' ?>
<timeLogEntries>
  <time path="/new&#10;/GMaps" flag="R" />
  <time id="16" path="/GMaps/PSP0.1/Planning" start="@1613830831000" delta="10" flag="A" />
  <time id="17" flag="D" />
  <time id="18" path="/GMaps/PSP0.1/Code" start="@1613925049000" delta="2" flag="A" />
  <time id="19" path="/GMaps/PSP0.1/Design" start="@1613831974000" delta="8" flag="A" />
  <time id="20" path="/GMaps/PSP0.1/Design" start="@1613928337559" delta="5" flag="A" />
  <time id="21" path="/GMaps/PSP0.1/Code" start="@1613928669349" delta="247" interrupt="11" flag="A" />
  <time id="22" path="/GMaps/PSP0.1/Postmortem" start="@1613946826052" delta="16" flag="A" />
</timeLogEntries>
