<?xml version='1.0' encoding='UTF-8' ?>
<timeLogEntries>
  <time id="1" path="/Proyecto" start="@1601430569000" delta="23" comment="InterfaceOperation" />
  <time id="2" path="/No Proyecto" start="@1601431937001" delta="52" />
  <time id="5" path="/Proyecto" start="@1601435159524" delta="138" interrupt="22" comment="all operations subinterfaces" />
  <time id="6" path="/Proyecto" start="@1601358318000" delta="130" />
  <time id="7" path="/Proyecto" start="@1601479901756" />
  <time id="8" path="/Proyecto" start="@1601479892456" delta="32" />
  <time id="9" path="/Proyecto" start="@1601492430000" delta="55" comment="" />
  <time id="10" path="/Proyecto" start="@1601497150309" delta="156" comment="Finish Class ControllerOperations" />
  <time id="11" path="/Proyecto" start="@1601500221670" delta="100" />
  <time id="12" path="/Proyecto" start="@1601506715089" delta="11" />
  <time id="13" path="/Proyecto" start="@1601514182956" delta="59" />
  <time id="14" path="/Interfaces/ControllerSearch" start="@1603916153420" delta="2" />
  <time id="15" path="/Interfaces/ControllerAdd" start="@1603657065000" delta="70" />
</timeLogEntries>
